[
  {
    "id": "44d255e1-3e13-4823-8835-e46680f8f271",
    "data": [
      {
        "text": "is the link for admission form available",
        "userDefined": false
      }
    ],
    "isTemplate": false,
    "count": 0,
    "updated": 0
  },
  {
    "id": "60ea54de-9268-44bb-92a7-c5a6d7aec766",
    "data": [
      {
        "text": "can i apply for admission online",
        "userDefined": false
      }
    ],
    "isTemplate": false,
    "count": 0,
    "updated": 0
  },
  {
    "id": "48e4f0a9-1e5e-4943-8c16-cc8cb4214456",
    "data": [
      {
        "text": "is admission form available in online?",
        "userDefined": false
      }
    ],
    "isTemplate": false,
    "count": 0,
    "updated": 0
  },
  {
    "id": "64a9d6e9-21ed-418b-b493-456ad4b82ef5",
    "data": [
      {
        "text": "link admission form",
        "userDefined": false
      }
    ],
    "isTemplate": false,
    "count": 0,
    "updated": 0
  },
  {
    "id": "aa3d5ad1-5d81-48ae-b0b9-fef66e76f0c6",
    "data": [
      {
        "text": "link for admission form",
        "userDefined": false
      }
    ],
    "isTemplate": false,
    "count": 0,
    "updated": 0
  },
  {
    "id": "c178fb9a-f0c1-47bf-97c8-a5bbcfc7153e",
    "data": [
      {
        "text": "can i get the admission form online",
        "userDefined": false
      }
    ],
    "isTemplate": false,
    "count": 0,
    "updated": 0
  },
  {
    "id": "f19e8aa1-8c50-4ce3-a957-10543adfa9ae",
    "data": [
      {
        "text": "admission form for students",
        "userDefined": false
      }
    ],
    "isTemplate": false,
    "count": 0,
    "updated": 0
  },
  {
    "id": "d18dc37b-db46-4508-843f-253082ec6e32",
    "data": [
      {
        "text": "what about form for admission",
        "userDefined": false
      }
    ],
    "isTemplate": false,
    "count": 0,
    "updated": 0
  },
  {
    "id": "41d4ee17-b4ec-4afb-8929-182a610b4b87",
    "data": [
      {
        "text": "is admissio for next batch happening now",
        "userDefined": false
      }
    ],
    "isTemplate": false,
    "count": 0,
    "updated": 0
  },
  {
    "id": "4782c440-3a6f-43ea-8b40-febcb9631f89",
    "data": [
      {
        "text": "is admission for first year happening now",
        "userDefined": false
      }
    ],
    "isTemplate": false,
    "count": 0,
    "updated": 0
  },
  {
    "id": "57b89bba-a192-4bcf-9812-a893aefac38b",
    "data": [
      {
        "text": "form",
        "userDefined": false
      }
    ],
    "isTemplate": false,
    "count": 0,
    "updated": 0
  },
  {
    "id": "221f5543-a72a-4c38-a7d0-5703854ba8fd",
    "data": [
      {
        "text": "admission",
        "userDefined": false
      }
    ],
    "isTemplate": false,
    "count": 0,
    "updated": 0
  },
  {
    "id": "75db39e1-570d-4966-8547-31351594797c",
    "data": [
      {
        "text": "form for admission",
        "userDefined": false
      }
    ],
    "isTemplate": false,
    "count": 0,
    "updated": 0
  },
  {
    "id": "037abf62-4550-41af-9140-70c402fe29a4",
    "data": [
      {
        "text": "where  is the admission form",
        "userDefined": false
      }
    ],
    "isTemplate": false,
    "count": 0,
    "updated": 0
  },
  {
    "id": "c38a0f48-9ddf-4174-b89f-82710aa56447",
    "data": [
      {
        "text": "is admission form available now?",
        "userDefined": false
      }
    ],
    "isTemplate": false,
    "count": 0,
    "updated": 0
  },
  {
    "id": "b44ae6b4-158e-49ac-aa1b-f2957f360f14",
    "data": [
      {
        "text": "where is the admission form available",
        "userDefined": false
      }
    ],
    "isTemplate": false,
    "count": 0,
    "updated": 0
  },
  {
    "id": "1f641fd4-d7e3-438a-a960-4f17cce121cf",
    "data": [
      {
        "text": "what about admission form",
        "userDefined": false
      }
    ],
    "isTemplate": false,
    "count": 0,
    "updated": 0
  },
  {
    "id": "74c472f1-97fe-437a-abe5-d1cc5b8717e1",
    "data": [
      {
        "text": "is admission is happening now?",
        "userDefined": false
      }
    ],
    "isTemplate": false,
    "count": 0,
    "updated": 0
  },
  {
    "id": "50cdedef-d87f-46f0-9eff-9dceffaa7d29",
    "data": [
      {
        "text": "form avail?",
        "userDefined": false
      }
    ],
    "isTemplate": false,
    "count": 0,
    "updated": 0
  },
  {
    "id": "df4124f3-54ae-4eac-8ca5-e53602dadd14",
    "data": [
      {
        "text": "admission form avail?",
        "userDefined": false
      }
    ],
    "isTemplate": false,
    "count": 0,
    "updated": 0
  },
  {
    "id": "b0246c2e-1599-4636-aabb-456cf7bd9ff4",
    "data": [
      {
        "text": "admission form ?",
        "userDefined": false
      }
    ],
    "isTemplate": false,
    "count": 0,
    "updated": 0
  },
  {
    "id": "602a4271-3019-438f-9aeb-dde0e5f0c268",
    "data": [
      {
        "text": "Is admission form avaiilable?",
        "userDefined": false
      }
    ],
    "isTemplate": false,
    "count": 0,
    "updated": 0
  },
  {
    "id": "c468ad91-0694-4eed-a177-8c793db4f836",
    "data": [
      {
        "text": "admission form",
        "userDefined": false
      }
    ],
    "isTemplate": false,
    "count": 0,
    "updated": 0
  },
  {
    "id": "07b7865d-09b3-496d-a6c6-9c3598f9e959",
    "data": [
      {
        "text": "where can i get the admission form?",
        "userDefined": false
      }
    ],
    "isTemplate": false,
    "count": 0,
    "updated": 0
  },
  {
    "id": "d8fe419e-a8cf-47c7-85c0-00ae62adc3d3",
    "data": [
      {
        "text": "where the admission form is given?",
        "userDefined": false
      }
    ],
    "isTemplate": false,
    "count": 0,
    "updated": 0
  }
]