[
  {
    "id": "6fb3788e-22ce-4c94-a4c3-381e893655a5",
    "data": [
      {
        "text": "clubs available",
        "userDefined": false
      }
    ],
    "isTemplate": false,
    "count": 0,
    "updated": 0
  },
  {
    "id": "125c9b46-cfd6-487f-88d9-70e3ffc52f60",
    "data": [
      {
        "text": "what are the clubs",
        "userDefined": false
      }
    ],
    "isTemplate": false,
    "count": 0,
    "updated": 0
  },
  {
    "id": "250f3e7f-d3ff-4279-8777-fc73572f7cf4",
    "data": [
      {
        "text": "clubs",
        "userDefined": false
      }
    ],
    "isTemplate": false,
    "count": 0,
    "updated": 0
  },
  {
    "id": "c66a61d4-a942-422f-971d-a00597f1f338",
    "data": [
      {
        "text": "what are the technical clubs available",
        "userDefined": false
      }
    ],
    "isTemplate": false,
    "count": 0,
    "updated": 0
  },
  {
    "id": "300ac3fb-b4c4-48ac-ba23-f5f331cca4a8",
    "data": [
      {
        "text": "What are the clubs available",
        "userDefined": false
      }
    ],
    "isTemplate": false,
    "count": 0,
    "updated": 0
  }
]