[
  {
    "id": "1f24916d-7daf-4678-b149-eae9ffc6ea55",
    "data": [
      {
        "text": "about sece",
        "userDefined": false
      }
    ],
    "isTemplate": false,
    "count": 0,
    "updated": 0
  },
  {
    "id": "5f2c7a8a-7e1d-4b1b-8e3b-f095d43299d6",
    "data": [
      {
        "text": "SECE",
        "userDefined": false
      }
    ],
    "isTemplate": false,
    "count": 0,
    "updated": 0
  },
  {
    "id": "8aec8478-c471-410c-bbc3-5ff76fbd79aa",
    "data": [
      {
        "text": "Sri eshwar",
        "userDefined": false
      }
    ],
    "isTemplate": false,
    "count": 2,
    "updated": 0
  },
  {
    "id": "4abe7b9a-dcdd-4712-a3f1-d1a0379cd924",
    "data": [
      {
        "text": "sri",
        "meta": "@sys.ignore",
        "userDefined": false
      },
      {
        "text": " eshwar vision and mission",
        "userDefined": false
      }
    ],
    "isTemplate": false,
    "count": 1,
    "updated": 0
  },
  {
    "id": "27ade409-9da5-4e43-a27f-b0e9b2e43b99",
    "data": [
      {
        "text": "is sece is good",
        "userDefined": false
      }
    ],
    "isTemplate": false,
    "count": 0,
    "updated": 0
  },
  {
    "id": "8bdbbf5c-771e-4db2-86be-ca3a0e8b6466",
    "data": [
      {
        "text": "college",
        "userDefined": false
      }
    ],
    "isTemplate": false,
    "count": 0,
    "updated": 0
  },
  {
    "id": "ff912ca4-71c0-49a2-85b9-a072ba58c3f4",
    "data": [
      {
        "text": "about your College",
        "userDefined": false
      }
    ],
    "isTemplate": false,
    "count": 1,
    "updated": 0
  }
]