[
  {
    "id": "5072da12-1d22-4ec5-9902-b2b2fa9a5d8c",
    "data": [
      {
        "text": "fee",
        "userDefined": false
      }
    ],
    "isTemplate": false,
    "count": 0,
    "updated": 0
  },
  {
    "id": "03750a65-baa9-44d2-aab9-d1ebf09bbd04",
    "data": [
      {
        "text": "scholarship for sports quota",
        "userDefined": false
      }
    ],
    "isTemplate": false,
    "count": 0,
    "updated": 0
  },
  {
    "id": "5ba4c7b6-15a4-4169-9feb-0c40eb2556d6",
    "data": [
      {
        "text": "scholarship for athelets",
        "userDefined": false
      }
    ],
    "isTemplate": false,
    "count": 0,
    "updated": 0
  },
  {
    "id": "84b9851b-c998-4b71-8a51-bad838fe5040",
    "data": [
      {
        "text": "scholarship for atheltes",
        "userDefined": false
      }
    ],
    "isTemplate": false,
    "count": 0,
    "updated": 0
  },
  {
    "id": "01e21caa-74da-4c80-94de-d714926d498d",
    "data": [
      {
        "text": "scholarship for atheletes",
        "userDefined": false
      }
    ],
    "isTemplate": false,
    "count": 0,
    "updated": 0
  },
  {
    "id": "f252f0a3-90c8-4b7a-92a4-6f83fd079a18",
    "data": [
      {
        "text": "iam an athelete can i get scholarship",
        "userDefined": false
      }
    ],
    "isTemplate": false,
    "count": 0,
    "updated": 0
  },
  {
    "id": "79fa1b89-8abd-49c7-8ad7-890bf29ff52d",
    "data": [
      {
        "text": "i am an athelete can i get fee concession",
        "userDefined": false
      }
    ],
    "isTemplate": false,
    "count": 0,
    "updated": 0
  },
  {
    "id": "fbf71834-bc7d-42bc-8ae1-1acf2bad61a1",
    "data": [
      {
        "text": "athelete fee consumption",
        "userDefined": false
      }
    ],
    "isTemplate": false,
    "count": 0,
    "updated": 0
  },
  {
    "id": "0fe67ad0-ebbe-4aa8-81fb-8a44781af34e",
    "data": [
      {
        "text": "athelete fees concession",
        "userDefined": false
      }
    ],
    "isTemplate": false,
    "count": 0,
    "updated": 0
  },
  {
    "id": "5aaddefd-bea3-4c45-b8cc-3d5d38f15311",
    "data": [
      {
        "text": "scholarship ",
        "userDefined": false
      },
      {
        "text": "marks",
        "meta": "@sys.ignore",
        "userDefined": false
      }
    ],
    "isTemplate": false,
    "count": 0,
    "updated": 0
  },
  {
    "id": "d11c8178-b2b7-425b-819b-f5a6a99ae3de",
    "data": [
      {
        "text": "marks",
        "meta": "@sys.ignore",
        "userDefined": false
      },
      {
        "text": " for scholarship",
        "userDefined": false
      }
    ],
    "isTemplate": false,
    "count": 0,
    "updated": 0
  },
  {
    "id": "574d097c-9689-4882-98f8-c44589801214",
    "data": [
      {
        "text": "scholarsship ",
        "userDefined": false
      },
      {
        "text": "marks",
        "alias": "last-name",
        "meta": "@sys.last-name",
        "userDefined": false
      }
    ],
    "isTemplate": false,
    "count": 0,
    "updated": 0
  },
  {
    "id": "a2d6585b-a49e-4d90-bbc8-bdef9fbc83cb",
    "data": [
      {
        "text": "fees reduction",
        "userDefined": false
      }
    ],
    "isTemplate": false,
    "count": 0,
    "updated": 0
  },
  {
    "id": "0af7e26b-46e4-4f2d-b648-6dc2aec90ead",
    "data": [
      {
        "text": "fees redude",
        "userDefined": false
      }
    ],
    "isTemplate": false,
    "count": 0,
    "updated": 0
  },
  {
    "id": "7c8213fb-06f0-4df3-807b-aca109c5e814",
    "data": [
      {
        "text": "reduce ",
        "userDefined": false
      },
      {
        "text": "fess",
        "alias": "last-name",
        "meta": "@sys.last-name",
        "userDefined": false
      }
    ],
    "isTemplate": false,
    "count": 0,
    "updated": 0
  },
  {
    "id": "a9fedf90-266e-473d-b3e9-ff017f83364e",
    "data": [
      {
        "text": "concession",
        "userDefined": false
      }
    ],
    "isTemplate": false,
    "count": 0,
    "updated": 0
  },
  {
    "id": "a05eaa95-a1a9-446c-a032-50751348d620",
    "data": [
      {
        "text": "scholarship",
        "userDefined": false
      }
    ],
    "isTemplate": false,
    "count": 0,
    "updated": 0
  },
  {
    "id": "26a09b89-00cd-4606-b9d5-a0dde6996f4e",
    "data": [
      {
        "text": "Can i have fees concession",
        "userDefined": false
      }
    ],
    "isTemplate": false,
    "count": 0,
    "updated": 0
  }
]