[
  {
    "id": "2ada364c-02c6-4ba3-ab8b-e7e80be9b72d",
    "data": [
      {
        "text": "where is the college",
        "userDefined": false
      }
    ],
    "isTemplate": false,
    "count": 0,
    "updated": 0
  },
  {
    "id": "f2c389c6-9f61-4e97-8a96-5207a5be0221",
    "data": [
      {
        "text": "should i go counselling",
        "userDefined": false
      }
    ],
    "isTemplate": false,
    "count": 0,
    "updated": 0
  },
  {
    "id": "8742053b-d03f-4221-8a2f-52b5077f827b",
    "data": [
      {
        "text": "how can i join this college",
        "userDefined": false
      }
    ],
    "isTemplate": false,
    "count": 0,
    "updated": 0
  },
  {
    "id": "fbfa7cbc-3502-4da9-af54-2d8ec883e868",
    "data": [
      {
        "text": "code for counselling",
        "userDefined": false
      }
    ],
    "isTemplate": false,
    "count": 0,
    "updated": 0
  },
  {
    "id": "5cd2c680-b4b1-4a00-a76c-774f09a50a80",
    "data": [
      {
        "text": "anna university counselling code",
        "userDefined": false
      }
    ],
    "isTemplate": false,
    "count": 0,
    "updated": 0
  },
  {
    "id": "17e97c91-3c47-4ebe-960d-a7b454be520e",
    "data": [
      {
        "text": "counselling code of your college",
        "userDefined": false
      }
    ],
    "isTemplate": false,
    "count": 0,
    "updated": 0
  },
  {
    "id": "62f06355-40fa-449e-a4a7-47ea138fbef3",
    "data": [
      {
        "text": "what is the counselling code",
        "userDefined": false
      }
    ],
    "isTemplate": false,
    "count": 0,
    "updated": 0
  },
  {
    "id": "e657e977-73ff-47a3-b020-7cee46334eff",
    "data": [
      {
        "text": "what is the counselling code of yoour college",
        "userDefined": false
      }
    ],
    "isTemplate": false,
    "count": 0,
    "updated": 0
  }
]