[
  {
    "id": "39467ca8-972a-4de8-9e38-176ecfe225c6",
    "data": [
      {
        "text": "be",
        "userDefined": false
      }
    ],
    "isTemplate": false,
    "count": 0,
    "updated": 0
  },
  {
    "id": "2d8b2f81-04d2-4da5-aa6d-4a7c7ed53f77",
    "data": [
      {
        "text": "best course",
        "userDefined": false
      }
    ],
    "isTemplate": false,
    "count": 0,
    "updated": 0
  },
  {
    "id": "812506c1-7dd7-49d6-b6af-064b26188e4f",
    "data": [
      {
        "text": "what are all courses",
        "userDefined": false
      }
    ],
    "isTemplate": false,
    "count": 0,
    "updated": 0
  },
  {
    "id": "464bfa02-1cab-4c0a-bf70-35260413c955",
    "data": [
      {
        "text": "which course to join",
        "userDefined": false
      }
    ],
    "isTemplate": false,
    "count": 0,
    "updated": 0
  },
  {
    "id": "4a43dd9a-330b-4ee6-b515-8ebc27955c1b",
    "data": [
      {
        "text": "courses offered",
        "userDefined": false
      }
    ],
    "isTemplate": false,
    "count": 0,
    "updated": 0
  },
  {
    "id": "66221b7b-a46b-4cdc-b6cc-af4f38dbe927",
    "data": [
      {
        "text": "how many depts available",
        "userDefined": false
      }
    ],
    "isTemplate": false,
    "count": 0,
    "updated": 0
  },
  {
    "id": "83822dd8-41ac-4862-ae7a-ee19061183ae",
    "data": [
      {
        "text": "what are the good departments",
        "userDefined": false
      }
    ],
    "isTemplate": false,
    "count": 0,
    "updated": 0
  },
  {
    "id": "b7d4e74f-78eb-48da-ae1f-866a2069ad10",
    "data": [
      {
        "text": "what dept",
        "userDefined": false
      }
    ],
    "isTemplate": false,
    "count": 0,
    "updated": 0
  },
  {
    "id": "6966997f-a123-4c46-ba17-906e63ba93c1",
    "data": [
      {
        "text": "what are the departments",
        "userDefined": false
      }
    ],
    "isTemplate": false,
    "count": 1,
    "updated": 0
  },
  {
    "id": "9638c881-4016-44b4-9ad5-8e337cd41c08",
    "data": [
      {
        "text": "lists of dept",
        "userDefined": false
      }
    ],
    "isTemplate": false,
    "count": 0,
    "updated": 0
  },
  {
    "id": "c17c1657-b882-469c-a0a3-91afe007b400",
    "data": [
      {
        "text": "names of dept",
        "userDefined": false
      }
    ],
    "isTemplate": false,
    "count": 0,
    "updated": 0
  },
  {
    "id": "a22a5c51-2234-4571-8853-4b0c9c05f545",
    "data": [
      {
        "text": "dept names",
        "userDefined": false
      }
    ],
    "isTemplate": false,
    "count": 0,
    "updated": 0
  },
  {
    "id": "846ec2fb-122f-49f8-a7e9-14fe53ecfcbb",
    "data": [
      {
        "text": "dept",
        "userDefined": false
      }
    ],
    "isTemplate": false,
    "count": 0,
    "updated": 0
  },
  {
    "id": "453d2f8f-1383-4c60-bdb9-56086f5061f2",
    "data": [
      {
        "text": "department",
        "userDefined": false
      }
    ],
    "isTemplate": false,
    "count": 0,
    "updated": 0
  },
  {
    "id": "80ab923e-e974-4f16-94c9-bfa88bce4016",
    "data": [
      {
        "text": "list department",
        "userDefined": false
      }
    ],
    "isTemplate": false,
    "count": 0,
    "updated": 0
  },
  {
    "id": "2e167d2f-a779-42d2-af05-147bdede5d56",
    "data": [
      {
        "text": "list of departments",
        "userDefined": false
      }
    ],
    "isTemplate": false,
    "count": 0,
    "updated": 0
  },
  {
    "id": "4cc9e417-39ea-4ecb-8045-9212e60f2455",
    "data": [
      {
        "text": "departments list",
        "userDefined": false
      }
    ],
    "isTemplate": false,
    "count": 0,
    "updated": 0
  },
  {
    "id": "eb2d5007-a62a-436d-9533-1e85d34b5c4e",
    "data": [
      {
        "text": "can i get the department names",
        "userDefined": false
      }
    ],
    "isTemplate": false,
    "count": 0,
    "updated": 0
  },
  {
    "id": "7657ef66-d479-4c88-b85a-882326070656",
    "data": [
      {
        "text": "how many departments",
        "userDefined": false
      }
    ],
    "isTemplate": false,
    "count": 0,
    "updated": 0
  },
  {
    "id": "113758cb-57d0-4041-89a4-a7aa9e2fc757",
    "data": [
      {
        "text": "what are the departments available in your college",
        "userDefined": false
      }
    ],
    "isTemplate": false,
    "count": 0,
    "updated": 0
  },
  {
    "id": "c872e662-75ad-41dd-a7ad-9682351fbe99",
    "data": [
      {
        "text": "how many departments available in your college",
        "userDefined": false
      }
    ],
    "isTemplate": false,
    "count": 1,
    "updated": 0
  },
  {
    "id": "bf1dfae8-3cac-48fb-91ad-8fd0b8cbaf8e",
    "data": [
      {
        "text": "department list",
        "userDefined": false
      }
    ],
    "isTemplate": false,
    "count": 0,
    "updated": 0
  },
  {
    "id": "eab9233c-0602-4db1-b5ed-320028b112da",
    "data": [
      {
        "text": "what are the departments available",
        "userDefined": false
      }
    ],
    "isTemplate": false,
    "count": 0,
    "updated": 0
  },
  {
    "id": "d22fe231-8cbb-4413-8670-497e7339d5ec",
    "data": [
      {
        "text": "what about departments",
        "userDefined": false
      }
    ],
    "isTemplate": false,
    "count": 0,
    "updated": 0
  },
  {
    "id": "c8bd33b4-7e23-4ba2-9888-e0c3e6b64d44",
    "data": [
      {
        "text": "departments available",
        "userDefined": false
      }
    ],
    "isTemplate": false,
    "count": 0,
    "updated": 0
  },
  {
    "id": "1945559d-de9f-4d6d-9dc4-a00b1f84ce52",
    "data": [
      {
        "text": "departs available",
        "userDefined": false
      }
    ],
    "isTemplate": false,
    "count": 0,
    "updated": 0
  },
  {
    "id": "fc3e2092-09e9-41f0-9adb-f25527c46b83",
    "data": [
      {
        "text": "what are the departs available",
        "userDefined": false
      }
    ],
    "isTemplate": false,
    "count": 0,
    "updated": 0
  },
  {
    "id": "bdbf63ea-c7a2-44d4-8ce6-3e3fc86cb33c",
    "data": [
      {
        "text": "Depart",
        "userDefined": false
      }
    ],
    "isTemplate": false,
    "count": 0,
    "updated": 0
  }
]