[
  {
    "id": "cd7ce32d-17b3-43e7-9f7f-f97f7528ae7a",
    "data": [
      {
        "text": "who are the developers",
        "userDefined": false
      }
    ],
    "isTemplate": false,
    "count": 0,
    "updated": 0
  },
  {
    "id": "ce1d1d2f-3de1-41a4-b6dc-de5f68b47a21",
    "data": [
      {
        "text": "developers of this bot",
        "userDefined": false
      }
    ],
    "isTemplate": false,
    "count": 0,
    "updated": 0
  },
  {
    "id": "3b711e36-2dcf-433a-8972-5f1ce029cf9d",
    "data": [
      {
        "text": "who is your owner",
        "userDefined": false
      }
    ],
    "isTemplate": false,
    "count": 0,
    "updated": 0
  },
  {
    "id": "205d54ad-53bc-426b-ac8b-c444b244fdd1",
    "data": [
      {
        "text": "develo[pers of you",
        "userDefined": false
      }
    ],
    "isTemplate": false,
    "count": 0,
    "updated": 0
  },
  {
    "id": "51800b84-29c1-41bd-aa4b-6c0311004814",
    "data": [
      {
        "text": "who are they developed you",
        "userDefined": false
      }
    ],
    "isTemplate": false,
    "count": 0,
    "updated": 0
  },
  {
    "id": "c9be236c-5e57-4843-ae1c-687155a37ebe",
    "data": [
      {
        "text": "Who developed you?",
        "userDefined": false
      }
    ],
    "isTemplate": false,
    "count": 0,
    "updated": 0
  }
]