[
  {
    "id": "d696d88e-06d5-4381-94ce-4cd5ab7e4294",
    "data": [
      {
        "text": "is sports quota available in your college",
        "userDefined": false
      }
    ],
    "isTemplate": false,
    "count": 0,
    "updated": 0
  },
  {
    "id": "84b3544b-3a70-448e-90c3-a2a7f2f353ad",
    "data": [
      {
        "text": "is sportsquota availablee in your college",
        "userDefined": false
      }
    ],
    "isTemplate": false,
    "count": 0,
    "updated": 0
  },
  {
    "id": "0b92ed29-a507-46f8-8f45-79e8332c0c7b",
    "data": [
      {
        "text": "good teachers",
        "userDefined": false
      }
    ],
    "isTemplate": false,
    "count": 0,
    "updated": 0
  },
  {
    "id": "fbe99206-5b97-4e06-b47c-9227c05bd761",
    "data": [
      {
        "text": "friendly teachers",
        "userDefined": false
      }
    ],
    "isTemplate": false,
    "count": 0,
    "updated": 0
  },
  {
    "id": "48aa43ed-1d33-4f19-af98-2e7548770584",
    "data": [
      {
        "text": "is teachers are friendly",
        "userDefined": false
      }
    ],
    "isTemplate": false,
    "count": 0,
    "updated": 0
  },
  {
    "id": "35b35281-8a4e-4eb3-a5f8-5b3e2c536206",
    "data": [
      {
        "text": "is food available",
        "userDefined": false
      }
    ],
    "isTemplate": false,
    "count": 0,
    "updated": 0
  },
  {
    "id": "b43ca23b-93b3-4ca9-809e-6ba5d64a0883",
    "data": [
      {
        "text": "is library available in college",
        "userDefined": false
      }
    ],
    "isTemplate": false,
    "count": 0,
    "updated": 0
  },
  {
    "id": "9349847d-bfba-4f1a-9cee-1070aa1eefe7",
    "data": [
      {
        "text": "is exam papers provided  in college",
        "userDefined": false
      }
    ],
    "isTemplate": false,
    "count": 0,
    "updated": 0
  },
  {
    "id": "3f6a2ca4-391d-40c5-bd66-6394cdb196fb",
    "data": [
      {
        "text": "is water available in college",
        "userDefined": false
      }
    ],
    "isTemplate": false,
    "count": 0,
    "updated": 0
  },
  {
    "id": "a57a6b2f-88b7-469d-95dd-fcbe600f8d9d",
    "data": [
      {
        "text": "is food is provided in college",
        "userDefined": false
      }
    ],
    "isTemplate": false,
    "count": 0,
    "updated": 0
  }
]