[
  {
    "id": "4c12f180-1512-4c6f-aaa7-bbf2f2efff2a",
    "data": [
      {
        "text": "can i get free",
        "userDefined": false
      }
    ],
    "isTemplate": false,
    "count": 0,
    "updated": 0
  },
  {
    "id": "c051d607-b911-4b80-a6ef-ec345759ab12",
    "data": [
      {
        "text": "scholorship",
        "userDefined": false
      }
    ],
    "isTemplate": false,
    "count": 0,
    "updated": 0
  },
  {
    "id": "c511d0df-eb34-4b2a-a37f-bc097b3fbc87",
    "data": [
      {
        "text": "what is the fee",
        "userDefined": false
      }
    ],
    "isTemplate": false,
    "count": 0,
    "updated": 0
  },
  {
    "id": "63986a64-975b-435c-96ce-89670f9a6406",
    "data": [
      {
        "text": "fee",
        "userDefined": false
      }
    ],
    "isTemplate": false,
    "count": 0,
    "updated": 0
  },
  {
    "id": "0ba7055e-df9e-4c8a-bad5-85c52e33b402",
    "data": [
      {
        "text": "tution fees",
        "userDefined": false
      }
    ],
    "isTemplate": false,
    "count": 0,
    "updated": 0
  },
  {
    "id": "5d8ddd1c-a1ab-41d9-a52b-36ed26ba88a5",
    "data": [
      {
        "text": "exam ",
        "userDefined": false
      },
      {
        "text": "fess",
        "meta": "@sys.ignore",
        "userDefined": false
      }
    ],
    "isTemplate": false,
    "count": 0,
    "updated": 0
  },
  {
    "id": "6667002f-71a3-4187-93af-6afa1c6e9c67",
    "data": [
      {
        "text": "college fees",
        "userDefined": false
      }
    ],
    "isTemplate": false,
    "count": 0,
    "updated": 0
  },
  {
    "id": "0f334b6d-b98d-42cd-ac06-032c6ccbc151",
    "data": [
      {
        "text": "amount for college",
        "userDefined": false
      }
    ],
    "isTemplate": false,
    "count": 0,
    "updated": 0
  },
  {
    "id": "d569cbdf-00d6-4e4b-9611-a3d299e1b7fb",
    "data": [
      {
        "text": "fees",
        "meta": "@sys.ignore",
        "userDefined": false
      }
    ],
    "isTemplate": false,
    "count": 0,
    "updated": 0
  },
  {
    "id": "afa4bd3b-3186-458c-abe8-7afd022cb828",
    "data": [
      {
        "text": "what is the total amout to be paid ",
        "userDefined": false
      },
      {
        "text": "per",
        "meta": "@sys.ignore",
        "userDefined": false
      },
      {
        "text": " annum",
        "userDefined": false
      }
    ],
    "isTemplate": false,
    "count": 0,
    "updated": 0
  },
  {
    "id": "9b52a363-2f67-4753-b484-15f8cd88fec9",
    "data": [
      {
        "text": "what is the ",
        "userDefined": false
      },
      {
        "text": "fess",
        "meta": "@sys.ignore",
        "userDefined": false
      },
      {
        "text": " amount",
        "userDefined": false
      }
    ],
    "isTemplate": false,
    "count": 0,
    "updated": 0
  },
  {
    "id": "28880926-1646-4a1e-9cd9-a40ed9d9d804",
    "data": [
      {
        "text": "fess",
        "meta": "@sys.ignore",
        "userDefined": false
      },
      {
        "text": " structure",
        "userDefined": false
      }
    ],
    "isTemplate": false,
    "count": 0,
    "updated": 0
  },
  {
    "id": "335d2211-1477-4fa7-99f9-e181571f4247",
    "data": [
      {
        "text": "What is the ",
        "userDefined": false
      },
      {
        "text": "fess",
        "meta": "@sys.ignore",
        "userDefined": false
      },
      {
        "text": " Structure",
        "userDefined": false
      }
    ],
    "isTemplate": false,
    "count": 0,
    "updated": 0
  }
]