[
  {
    "id": "5e44c52a-597e-49cf-9481-6938ea93582b",
    "data": [
      {
        "text": "clean",
        "userDefined": false
      }
    ],
    "isTemplate": false,
    "count": 0,
    "updated": 0
  },
  {
    "id": "dd18f3c0-f16d-480d-896b-62ee7961e819",
    "data": [
      {
        "text": "hostel",
        "userDefined": false
      }
    ],
    "isTemplate": false,
    "count": 0,
    "updated": 0
  },
  {
    "id": "0ea90ed5-b069-430d-a526-c4cf635bbfcf",
    "data": [
      {
        "text": "can i stay",
        "userDefined": false
      }
    ],
    "isTemplate": false,
    "count": 0,
    "updated": 0
  },
  {
    "id": "ff434628-738e-4d56-9670-c5b5c75f863c",
    "data": [
      {
        "text": "hostel fees",
        "userDefined": false
      }
    ],
    "isTemplate": false,
    "count": 0,
    "updated": 0
  },
  {
    "id": "b4202fac-3396-43f3-9749-b6ab20279b44",
    "data": [
      {
        "text": "hostel beds available",
        "userDefined": false
      }
    ],
    "isTemplate": false,
    "count": 0,
    "updated": 0
  },
  {
    "id": "7d31b4a2-bf6d-451d-b2dc-462102c2195d",
    "data": [
      {
        "text": "hostel facility",
        "userDefined": false
      }
    ],
    "isTemplate": false,
    "count": 0,
    "updated": 0
  },
  {
    "id": "140c82d1-1dda-41e6-9059-03264dedc5a0",
    "data": [
      {
        "text": "is beds available in hostel",
        "userDefined": false
      }
    ],
    "isTemplate": false,
    "count": 0,
    "updated": 0
  },
  {
    "id": "e4bb739f-0f30-4f3b-8786-0b17a076fcf2",
    "data": [
      {
        "text": "what about hostel facility",
        "userDefined": false
      }
    ],
    "isTemplate": false,
    "count": 0,
    "updated": 0
  },
  {
    "id": "cbe45664-4a17-4efc-a61c-39df04bbf566",
    "data": [
      {
        "text": "what about hostel faacility",
        "userDefined": false
      }
    ],
    "isTemplate": false,
    "count": 0,
    "updated": 0
  },
  {
    "id": "015677a7-46ba-41b9-a55f-295ae4495bfc",
    "data": [
      {
        "text": "is hostel facility available",
        "userDefined": false
      }
    ],
    "isTemplate": false,
    "count": 0,
    "updated": 0
  }
]