[
  {
    "id": "581f7bcc-66cd-4ced-9f54-19c1ea88f166",
    "data": [
      {
        "text": "amenity center",
        "userDefined": false
      }
    ],
    "isTemplate": false,
    "count": 0,
    "updated": 0
  },
  {
    "id": "11411139-6aad-4d14-b8ff-0e41e157709c",
    "data": [
      {
        "text": "food court",
        "userDefined": false
      }
    ],
    "isTemplate": false,
    "count": 0,
    "updated": 0
  },
  {
    "id": "b3d78c80-090e-43ce-8708-5b1e19eba6d9",
    "data": [
      {
        "text": "infrastructure",
        "userDefined": false
      }
    ],
    "isTemplate": false,
    "count": 0,
    "updated": 0
  },
  {
    "id": "29902285-3fbe-4b75-8761-985bf6739b1f",
    "data": [
      {
        "text": "facilities available",
        "userDefined": false
      }
    ],
    "isTemplate": false,
    "count": 0,
    "updated": 0
  },
  {
    "id": "7f643ce2-34de-410e-bd45-8e81819d98f2",
    "data": [
      {
        "text": "facilities",
        "userDefined": false
      }
    ],
    "isTemplate": false,
    "count": 0,
    "updated": 0
  },
  {
    "id": "6b32c29a-301b-4d34-aa6d-7580b4216d8c",
    "data": [
      {
        "text": "facilities available in sece",
        "userDefined": false
      }
    ],
    "isTemplate": false,
    "count": 2,
    "updated": 0
  },
  {
    "id": "c0230e83-8eb2-48ee-9fbe-64fd6635a035",
    "data": [
      {
        "text": "what are the facilites available",
        "userDefined": false
      }
    ],
    "isTemplate": false,
    "count": 0,
    "updated": 0
  },
  {
    "id": "1a88f872-e818-41f8-812e-4bc5a40723e7",
    "data": [
      {
        "text": "what are the infrastructure and facilities do u have",
        "userDefined": false
      }
    ],
    "isTemplate": false,
    "count": 0,
    "updated": 0
  }
]