[
  {
    "id": "dc03a854-8808-4b3b-ab19-b103fa36c67d",
    "data": [
      {
        "text": "lab",
        "userDefined": false
      }
    ],
    "isTemplate": false,
    "count": 0,
    "updated": 0
  },
  {
    "id": "7bec8d04-4f80-499f-bb36-229b56216c1b",
    "data": [
      {
        "text": "labaratory",
        "userDefined": false
      }
    ],
    "isTemplate": false,
    "count": 0,
    "updated": 0
  },
  {
    "id": "0ad461e9-4769-4d90-ab39-4a88f22ca542",
    "data": [
      {
        "text": "what labs",
        "userDefined": false
      }
    ],
    "isTemplate": false,
    "count": 0,
    "updated": 0
  },
  {
    "id": "e7f24af3-44d1-4324-9cc6-073284ec2b69",
    "data": [
      {
        "text": "which lab",
        "userDefined": false
      }
    ],
    "isTemplate": false,
    "count": 0,
    "updated": 0
  },
  {
    "id": "62399c82-3c89-4f5e-9cff-9e457666d0a9",
    "data": [
      {
        "text": "number of lab",
        "userDefined": false
      }
    ],
    "isTemplate": false,
    "count": 1,
    "updated": 0
  },
  {
    "id": "90714cca-aa36-4ea6-8663-c65cd4e343ed",
    "data": [
      {
        "text": "labs",
        "userDefined": false
      }
    ],
    "isTemplate": false,
    "count": 0,
    "updated": 0
  },
  {
    "id": "74c91080-ea95-462a-a455-248aed83db69",
    "data": [
      {
        "text": "Laboratary",
        "userDefined": false
      }
    ],
    "isTemplate": false,
    "count": 0,
    "updated": 0
  },
  {
    "id": "7fb37463-d9e9-49ab-8a84-8d62980cfe40",
    "data": [
      {
        "text": "lab facilites",
        "userDefined": false
      }
    ],
    "isTemplate": false,
    "count": 1,
    "updated": 0
  }
]