[
  {
    "id": "b824da7b-585d-495e-abc4-a54dea9f5be9",
    "data": [
      {
        "text": "is food  free in the college canteen?",
        "userDefined": false
      }
    ],
    "isTemplate": false,
    "count": 0,
    "updated": 0
  },
  {
    "id": "034ab5d4-75df-4afe-ac1f-f9f443c13b19",
    "data": [
      {
        "text": "is this college very strict",
        "userDefined": false
      }
    ],
    "isTemplate": false,
    "count": 0,
    "updated": 0
  },
  {
    "id": "361d314b-44c6-4113-aaa1-941c2e217ab9",
    "data": [
      {
        "text": "is your college strict",
        "userDefined": false
      }
    ],
    "isTemplate": false,
    "count": 0,
    "updated": 0
  },
  {
    "id": "0f110835-c628-4e73-8689-812281007262",
    "data": [
      {
        "text": "Is sece is strict college",
        "userDefined": false
      }
    ],
    "isTemplate": false,
    "count": 0,
    "updated": 0
  },
  {
    "id": "bee9137d-5029-49a4-aefd-7735a848d758",
    "data": [
      {
        "text": "is talking with girls allowed in the college",
        "userDefined": false
      }
    ],
    "isTemplate": false,
    "count": 0,
    "updated": 0
  },
  {
    "id": "9f900b2c-99e8-462a-930d-7ad0c5bf2311",
    "data": [
      {
        "text": "is ",
        "userDefined": false
      },
      {
        "text": "food",
        "meta": "@sys.ignore",
        "userDefined": false
      },
      {
        "text": " free",
        "userDefined": false
      }
    ],
    "isTemplate": false,
    "count": 0,
    "updated": 0
  }
]