[
  {
    "id": "fbfc9ef6-1b73-4bcc-b2c1-36bbe1073a82",
    "data": [
      {
        "text": "raging",
        "userDefined": false
      }
    ],
    "isTemplate": false,
    "count": 0,
    "updated": 0
  },
  {
    "id": "6ed60d42-0f61-458c-aeeb-648a37909421",
    "data": [
      {
        "text": "rag",
        "userDefined": false
      }
    ],
    "isTemplate": false,
    "count": 0,
    "updated": 0
  },
  {
    "id": "f48b560f-982d-42d2-96ad-c2f1bad2012a",
    "data": [
      {
        "text": "ragginng",
        "userDefined": false
      }
    ],
    "isTemplate": false,
    "count": 0,
    "updated": 0
  },
  {
    "id": "8fd345a5-2e93-4120-be73-eb106d6fdf52",
    "data": [
      {
        "text": "is ragging prohibbited in your college",
        "userDefined": false
      }
    ],
    "isTemplate": false,
    "count": 0,
    "updated": 0
  },
  {
    "id": "62b303aa-4344-4a07-998d-5901153f3d16",
    "data": [
      {
        "text": "is ragging is allowed in your college",
        "userDefined": false
      }
    ],
    "isTemplate": false,
    "count": 0,
    "updated": 0
  }
]