[
  {
    "id": "c0ae7466-97d5-4618-a8bc-647e348fd022",
    "data": [
      {
        "text": "games available",
        "userDefined": false
      }
    ],
    "isTemplate": false,
    "count": 0,
    "updated": 0
  },
  {
    "id": "f7b8ef4d-887d-4024-a880-16398b984709",
    "data": [
      {
        "text": "sports",
        "userDefined": false
      }
    ],
    "isTemplate": false,
    "count": 1,
    "updated": 0
  },
  {
    "id": "31aa6f01-159c-4b5b-a35b-967ea79a7d53",
    "data": [
      {
        "text": "sports you provide",
        "userDefined": false
      }
    ],
    "isTemplate": false,
    "count": 0,
    "updated": 0
  },
  {
    "id": "74563fef-5b1c-4104-abcc-cc99968c5af1",
    "data": [
      {
        "text": "what are the sports you provide",
        "userDefined": false
      }
    ],
    "isTemplate": false,
    "count": 0,
    "updated": 0
  },
  {
    "id": "0f4098d8-5b1b-4e13-be31-d34a9187403f",
    "data": [
      {
        "text": "what are the sports facilities available",
        "userDefined": false
      }
    ],
    "isTemplate": false,
    "count": 0,
    "updated": 0
  },
  {
    "id": "6d505b4e-cde5-404e-81dd-e76764ab6245",
    "data": [
      {
        "text": "would you give preference to sports",
        "userDefined": false
      }
    ],
    "isTemplate": false,
    "count": 1,
    "updated": 0
  }
]