[
  {
    "id": "b93c1291-9370-4cee-a3ed-1e1d49a4f348",
    "data": [
      {
        "text": "is ",
        "userDefined": false
      },
      {
        "text": "college",
        "alias": "location",
        "meta": "@sys.location",
        "userDefined": false
      },
      {
        "text": " bus  available to ",
        "userDefined": false
      },
      {
        "text": "pollachi",
        "alias": "location1",
        "meta": "@sys.location",
        "userDefined": false
      }
    ],
    "isTemplate": false,
    "count": 0,
    "updated": 0
  },
  {
    "id": "ffc4978b-fdb5-4c24-9a82-607a02ab0122",
    "data": [
      {
        "text": "is ",
        "userDefined": false
      },
      {
        "text": "college",
        "alias": "location",
        "meta": "@sys.location",
        "userDefined": false
      },
      {
        "text": " bus available to ",
        "userDefined": false
      },
      {
        "text": "pollachi",
        "alias": "location1",
        "meta": "@sys.location",
        "userDefined": false
      }
    ],
    "isTemplate": false,
    "count": 0,
    "updated": 0
  },
  {
    "id": "146ed4ed-605b-4d34-883a-ef13bfa6f7b1",
    "data": [
      {
        "text": "bus available",
        "userDefined": false
      }
    ],
    "isTemplate": false,
    "count": 0,
    "updated": 0
  },
  {
    "id": "e9f82fbd-12e8-4196-9839-8af922cdcc01",
    "data": [
      {
        "text": "is bus facility available for ",
        "userDefined": false
      },
      {
        "text": "ukkadam",
        "meta": "@sys.ignore",
        "userDefined": true
      }
    ],
    "isTemplate": false,
    "count": 0,
    "updated": 0
  },
  {
    "id": "bf1c1a20-832c-4f79-b956-9965d2ed9c98",
    "data": [
      {
        "text": "outside bus",
        "userDefined": false
      }
    ],
    "isTemplate": false,
    "count": 0,
    "updated": 0
  },
  {
    "id": "9e0e5530-35d2-4d12-a9b1-1a3d763acce0",
    "data": [
      {
        "text": "bus",
        "userDefined": false
      }
    ],
    "isTemplate": false,
    "count": 0,
    "updated": 0
  },
  {
    "id": "5d671e54-638d-40ca-a2b5-6d0818af6acb",
    "data": [
      {
        "text": "is busTransport available",
        "userDefined": false
      }
    ],
    "isTemplate": false,
    "count": 0,
    "updated": 0
  }
]